price,title
RV Accessories,$1
Large selection of RV Marine batteries  Interstate All Battery,$205
RV Motorhome for Rent,$100
Toyota RV for sale | Lots of new!,$5700
Chassis mntd TOW BAR w/Winch/Boom Slings Car/SUV Onto RV Hitch Platfrm,$350
2015 Coachmen RV Chaparral Signature Series 343 RLTS (GF195-YH628),$89824
Vw eurovan Cramper mini Rv/Looks and runs new!,$8700
"Hollywood Plush 14"" Double Sided Pillowtop",$70
"2010 Forest River Salem LA 312QBUD triple bunk camper, trailer, rv",$15995
1989 GMC Sierra R 3500 RV Special 3+3 2wd Big Block 454,$2500
2011  Dutchmen Rv 0ft Grand Junction 340rl (WA850-AV476),$94995
*2017* *Coachmen RV* *Freedom Express Liberty Edition 292bhds* ** (ZH2,$37823
Newly Made Unique Distressed Coffee Table or Foyer Bench,$275
2017 CrossRoads RV 1 ZT291RL Travel Trailer (LZ544-UP407),$21988
2011  Keystone Rv 0ft Cougar High Country 321res (KI751-HH574),$46995
2007 RV camper travel trailer,$10000
âž¸30' RV For Rent - Like New! with 4 Bunk beds - RARE! Sleeps up to 10!,$165
THE RV AWNING COMPANY,$488
NEW Short 2015 Thor Windsport 27K Ford V10 Full Wall Slide King Bed!,$72271
"1996 class c tioga 29ft ......45,000 mi",$15000
30 amp x 30 ft RV Power cord,$50
Used 2006 Monaco RV Knight,$84995
Unique 2003 Ford E-550 Toy Hauler RV,$25500
YAMAHA Generator/Inverter,$1000
"*ALUMINUM TRAILER TOOL BOX, TRUCK,RV,JET,SKI,RV,ATV  33X19X18 - $125",$125
New Bookcases & Storage Cabinets in Your Favorite Sports Team Colors,$199
2017 CrossRoads RV Z 1 ZT328SB (YQ508-UI873),$84995
2013 REVER RV TWO SLIDES  FOR SALE,$16900
2017  Vanleigh Rv 39ft Vilano 365rl (MW487-LO559),$18995
we are looking to purchace A RV ðŸšmotorhome or trailer in any conditi,$100
2004 Keystone Sprinter Travel Trailers 307BHW Trailer,$8995
wanted rvcamper payment plan,$16495
RV GATE,$475
2016 CrossRoads RV Longhorn ReZerve LFZ32IK (JG468-SA266),$94995
2016 Covered Wagon 6x12 Red V-Nose MANAGER SPECIAL,$2300
"2001 class C  four winds  12,000 original miles",$14500
"CARPORTS,GARAGES,SHEDS,BARNS",$695
2017 Coachmen RV Apex Ultra-lite 28le Apex Ultralite 28le (WF588-WS419,$28094
Motorhome Rental / RV Rental,$220
2017 Winnebago Micro Minnie 2106FBS Travel Trailer,$28339
1983 26' RV - REMODELED - TITLE IN HAND,$4000
2014 Palomino PUMA 31DBTS 3 slides!!!!!,$19500
Used 2011 Keystone Rv  Cougar High Country 321res (YZ378-GS149),$84995
1995 road track 21foot Class B RV,$9500
2003  30 RAGEN Toy Hauler Trailer @ NORTH COAST RV,$14999
enclosed landscaper contractor 7x14 trailer,$4400
1997 Fleetwood Wilderness 275J 5th Wheel,$4995
2012 Forest River RV Salem Hemisphere Lite 316RETS Fifth Wheel,$19995
2017 Jayco Jay Feather 23RLSW Travel Trailer,$18000
se vende rv obo,$9500
rv TRAILERS,$37823
***NEW RV STORAGE COVER fits 30-33ft***,$1195
RV and Trailer Hauling or Moving,$2900
2011 ATC Motiv RSX Trailer,$12500
2007 KZ RV Durango 295SU Fifth Wheels Wheel RVs,$14995
American Girl Furniture Wardrobes Kitchen Set Table,$50
"Rv accessories, power cords, step carpets, storage items, water items.",$50
2017 Prime Time RV Tracer 3200bht (EU613-VX374),$43152
2016  Dutchmen Rv 44ft Voltage V3970 (LX577-QX668),$84995
88 starcraft rv,$1000
RENT 28' Greywolf Travel Trailer - RV Rentals,$75
2016 Itasca Sunstar 31BE Class A,$113636
ft Dutchmen Rv Denali 335rlk (LB512-UV233),$1
stainless animal cage dog cat kennel,$750
2007 Winnebago Itasca Sunrise 33V (B1180),$695
1994 Fleetwood Bounder Motorhome RV (brand new engine),$13000
CA$H 4 CARS***TRUCKS**RV'S**MOTORCYCLES,$3500
Garages Carports RV Covers Barns Lowest Price Guarantee Free Delivery,$2389
=>WE BUY SELL & TRADE=> @ BIG STATE RV & BOATS,$94995
(4)Toyo M154 tire 245/75/22.5  like new motorhome  RV truck take offs,$200
2017 CrossRoads Sunset Trail Travel Trailer ST250RB,$36436
TRA/Coast to Coast Membership,$3000
1998 Ford Bus / Shuttle / Party,$9999
Vintage Decorative Mirror $20,$20
Used 2006 Monaco RV Knight,$84995
MOBILE BOAT DETAILING>MARINAS >DRIVEWAYS,$3999
2006 Keystone RV Raptor RP3612,$22000
RV CONSIGNMENTS - FREEWAY LOCATION,$150
Car hauler,$12888
2017 Pathfinder 2200 TRS Bat Boat,$29965
2016 Keystone Outback Ultra Lite 255UBH Travel Trailer,$19415
2011  Dutchmen Rv 0ft Grand Junction 340rl (MK817-JD113),$100
2014 Forrest River Premium 30' RV,$175
2007 Keystone Raptor RP3612 - RV - Toy Box -,$22000
RV Cleaning & Buffing,$1
** MOTORCYCLE DETAILING PRODUCTS**,$26500
"14k Gold / White 25"" chain",$2500
New 2017 38' Heartland    North Trail 32rets King (UW654-BF234),$18500
93 Monaco Dynasty Diesel Class A RV,$15000
*2005* *Newmar* *Somerset 4502* *Rv - Class A Pusher Diesel* (DO746-FK,$84900
rv & 5th wheel detailing,$375
2006 Hi Lo 2806C Travel Trailer (IV757-UQ736),$5000
4X10 Landscape Trailer,$1663
"2016 Apex Nano 17X, Single-slide Hybrid Travel Trailer by Coachmen",$19900
2015 Hurricane SS 201 OB (14818),$37995
2015 Prime Time RV LaCrosse 336BHT,$32000
*2010* *Coachmen* *385ds* *Rv - Class A Pusher Diesel* (GX298-QR312),$6900
2004 Adventurer 35U Double-slide Class A Gas Motorhome by Winnebago,$39900
Family rv transporting,$10
2006 Monaco RV Knight DIESEL PUSHER,$84995
Used 2008 Carriage  Domani Df302 (KO617-QX370),$3398
2003 Gulfstream BT Cruiser Single-slide Class B+ Gas Motorhome,$29900
"Ready for Fun 2000 Monaco La Palma 30""ft. Class A Coach RV",$14000
' CROSSROADS RV LONGHORN REZERVE LTZ33BH (ZD508-XE451),$497
Used 2006 Wilderness Advantage Ax6  Wilderness Advantage Ax6 395rl5s (,$10000
2017 Freelander Micro 20CB Class C Gas Motorhome by Coachmen,$62900
2017 Open Range RV The Light Fifth Wheel LF318RLS Fifth Wheel SADDLE (,$7000
8R 19.5  Truck RV Trailer Tires,$185
New 2016 36' Crossroads Rv    Longhorn Rezerve Ltz33bh (MM122-UB427),$3199
Big Tex 14GN 22'+5' With Mega Ramps,$6999
2016  Dutchmen Rv 0ft Kodiak Ultimate 291resl (NC401-VD117),$8000
2011  Keystone Rv 0ft Cougar High Country 321res (CH765-AY306),$6700
2017 FOREST RIVER 25KS Travel Trailer,$24483
Rv for sale 32 feet,$25000
' CROSSROADS RV Z 1 LITE ZT18SS (AO366-OA242),$55
***2007 Keystone Montana 3650RK***,$22500
Used 2008 National RV Tropical,$99995
Used 2006 Monaco RV Knight,$84995
2000 Coachmen Santara 370mbs Rv - Class A Pusher Diesel (GG264-BQ800),$1750
2016  Keystone Rv 0ft Sprinter 316bik (JE674-PB520),$84995
2015 Open Range Light 319RLS Fifth Wheel RVs,$34900
2017 CrossRoads RV Z 1 Lite ZT18RB (IX129-SQ823),$1100
AMAZING TAILGATER RV Toyhauler STARDECK,$49000
RV travel trailer 2009 hybrid StarCraft M-21sso,$9250
New 2016 34' Crossroads Rv    Zinger Zt30qb (PY370-BM238),$19500
New 2016 34' Crossroads Rv    Zinger Zt30qb (GS714-ID758),$22500
2015 Prime Time Lacrosse 329BHT Travel Trailers Travel Trailers (VO556,$2500
2016 EPIC 23SC Bay,$99900
2017 Crossroads Zinger 34RS travel trailers,$64890
NICE=>2005 BIGHORN 5th WHEEL 35FT=>2 SLIDE  LOADED OUT PRISTINE,$14900
RV GENERATOR REPAIR AND SERVICE,$149
i need:small light weight RV 21'-26'or trailer,$20000
RV refrigerator Dometic RM 2333 works,$100
"Battery,,,12 volt car battery $45.. Deep cycle battery, RV battery $60",$45
2016 CrossRoads RV Zinger ZT26DT Travel Trailer,$24995
2016  Forest River Rv 35ft Rockwood Signature Ultra Lite 8327ss (HH769,$68075
2009 Fleetwood RV Bounder 35E,$119999
24 ft Coachman/Freelander RV...Class C,$21000
2016 Coachmen Catalina 261BHS Travel Trailers,$18874
New 2017 32' Forest River Rv    Rockwood Ultra Lite 2703ws (NF688-YA15,$94995
Motorhome - 1996 Damon,$10900
Any Car battery Car/Truck/RV/Marine,$59
"SUMMER CLEARANCE SALE ON NOW AT KENT RV, ALL RV'S CLEARANCE PRICED!!",$42900
Stock#2923 2017 Riverside RV Retro 199FKS Travel Trailer,$25364
Rv Extension Cord 30 amp 21 1/2 in long  dogbone adapter,$15
Rv for sale,$1800
Used 2006 Monaco RV Knight,$84995
Scooter And Wheelchair Lifts For Car Van Truck Trunk Station Wagon Rv,$63500
New 2017 30' Crossroads Rv    Z 1 Zt278rr (GE786-SO108),$18000
2016 Cruiser RV Shadow Cruiser Ultra Lite S280QBS Travel Trailer,$200
Brand new 160 RC Deep Cycle Marine Battery,$85
2016 Laredo 25bh super lite,$110
1994 TIFFIN ALLEGRO 24 FOOT CLASS A LOW MILES READY FOR ANY ADVENTURE!,$17900
New 2017 36' Crossroads Rv    Rezerve Rtz33bh (NU850-US464),$110
Used 2013 Lifestyle Luxury RV Lifestyle,$56995
2016 Cruiser RV Shadow Cruiser Ultra Lite S280QBS Travel Trailer,$10
Ethan Allen table set,$150
2017 Heartland RV Big Country 3965DSS Fifth Wheel,$65000
New 2017 39' Dutchmen Rv    Voltage V-series V3605 Voltage Vseries V36,$85
Xantrex PROWATT  1000W Pure Sine Inverter,$260
Used 2014 ManCave RV Dynamite Firestorm,$24995
2017 Viking RVs 17BH Saga Travel Trailers,$9995
2016 Forest River R-Pod Feather Lite Travel Trailer Lightweight RV We,$89
Car Wash & Detail Supplies,$6450
2002 PALIMINO BUMPER PULL RV,$5000
HOME & RV MATTRESS CENTER BEST PRICES IN TOWN,$18900
New 2016 Forest River Sabre 360QB Fifth Wheel RV - Creative RV Special,$42500
2016 Dutchmen RV Voltage V-series V3805 Voltage Vseries V3805 (KU783-E,$98266
RV Paint Protection! Protect your RV! Seal the units finish and interi,$599
New 2017 39' Vanleigh Rv    Vilano 365rl (AR881-HS130),$6500
"2004 Fleetwood Terra Class ""A""",$24500
New 2017 30' Crossroads Rv    Z 1 Zt272bh (TP183-TE339),$1
Used 2006 Monaco RV Knight,$84995
1973 reinell,$600
FREE RV CONSIGNMENTS WITH FREEWAY EXPOSURE AT KENT RV,$69995
2012 THOR MOTOR COACH MAJESTIC 28A,$29985
"2009 Chevy Express G1500 8-Passenger Van Gold 1 Owner Government 36,000 MILES",$11995
Used 2013 Lifestyle Luxury RV Lifestyle,$56995
2017 Open Range RV The Light Fifth Wheel LF319RLS Fifth Wheel (WE204-F,$99995
*2017* *Thor Motor Coach* *Four Winds 28z* ** (BC729-WC599),$72436
1987 LAZY DAZE 22.5' GREAT CONDITION,$7500
rv,$2000
Plasti Dip ENTIRE Car From Professional Installer & Gallons,$1
RV drain hose and 30 Amp plugs,$75
Creative RV Special - 2016 Forest River Sabre 365MB 5th Wheel RV,$305
2017  Vanleigh Rv 35ft Vilano 325rl (YB325-TK796),$12000
2017 Forest River 5 x 10 Force Landscape Trailers,$1395
2015 Carson Heavy Duty 18',$3088
2015 Eclipse Rv Attitude 33-g2s,$55979
New 2017 44' Dutchmen Rv    Voltage V3975 (MK408-SB682),$1
Bellingham Rv Park Monthly Sites Available,$7200
2017 Palomino Puma 33' Travel Trailer (KD144-TG745),$20000
"*""BRAND NEW "" 48"" ALUMINUM TOOL BOX $135 -----",$135
New 2016 34' Crossroads Rv    Rezerve Rfz29rl (CB773-OS144),$285000
2016 Tracer Ultra Lite 230FBS Single-slide Travel Trailer,$24900
Concrete for Truck - Boat - MH - RV - 4x4 - Or ??,$19995
2016 KZ RV Durango 1500 D281rlt Fifth Wheel (ME200-PD601),$99995
2014 Heartland North Trail 21fbs (PY326-UP204),$16999
SYLANIA MICROWAVE OVEN,$75
ðŸ‡ºðŸ‡¸ Semi Commercial TRUCK TIRES (new),$1
Small Modern Table,$30
RV Needed to Rent for Football Season,$1
26 ft motor home RV,$4500
NEW Down Filled Tent Booties,$25
Plasti Dip ENTIRE Car From Professional Installer,$1
2000 watt inverter,$750
Dometic 59530 Duo Therm Brisk RV Air Conditioner; A/C,$375
2016  Vanleigh Rv 39ft Vilano 365rl (VP319-MY381),$15
Like New C-Class RV,$65000
2014 Thor Motor Coach Freedom Elite 23u (GE527-IS213),$43999
2014 Northland 174 Travel Trailer RV,$350
jon boat,$1900
8-1/2 x 24 x 7 Enclosed trailer - $6399 (Free delivery),$6399
** 2016 Keystone High Country 305RL Fifth Wheel 17350,$49995
5TH WHEEL 30' CROSSROADS KINGSTON FIFTH WHEEL W/ 3 SLIDES,$23750
2017 Airstream 23D Flying Cloud,$70959
I buy HAIL DAMAGED RVs,$500
2008 Jamboree 31 *22K Miles*,$39995
PetSafe Wireless Fence Pet Containment System,$200
**2015 Ford T-250 130wb Low Roof Truck Cargo Van 14410mi $19950,$19950
2015 Carson Standard Utility 5x8,$920
2002 Jayco Kiwi 25' Expandable Trailer (GH132-YN171),$9799
SALE! SALE! 2016 PJ 7' X 12' DUMP TRAILER,$8295
"Class a  2008 Winnebago 30ft  26,000 miles in showroom condition",$30000
2011 Elkridge 5th wheel 29' Fifth Wheel,$31500
ðŸ‡ºðŸ‡¸ SEMI Commercial TRUCK TIRES,$1
2017 Heartland North Trail NT 22FBS Travel Trailer - Lite COASTAL (ZX3,$44995
2011 Bentley Continental GTC  Special Order 1 Owner Perfect Carfax,$108900
2012 Palomino Puma 26' Travel Trailer (QR549-WK531),$26995
Mare Motel 24 x 36 Shade Cover / Carport / Horse Shelter,$2805
2017 Keystone Hideout 242LHS,$100
2017 18ft. Riverside Retro Travel Trailer,$28227
2009 Tiffin Allegro Open Road 30DA,$19608
Ultralite Toy Hauler,$14369
2017 Jayco Jay Flight SLX 284BHSW,$26995
2006 Winnebago Voyage,$49995
NEW 2016 white ezgo S4 gas 4 pass. golf cart carts car,$9200
2015 Voltage 3800,$76995
MOTORCYCLE INSURANCE â˜ž FREE SR22,$35000
2014 FORREST RIVER WILDCAT 31 FT. TRAILER ONE SUPER SLIDE OUT LIKE NEW,$22950
2017 Keystone Laredo 331BH,$36988
2016 Cruise Lite 232RBXL Travel Trailers,$18695
Premium 8.5x24 Enclosed Show Car Hauling Trailer,$9395
Electrician Bartering,$27500
2017  Heartland 33ft Prowler Lynx 285 Lx (QH364-FN775),$325
YALE 6000 LB DIESEL PNEUMATIC FORKLIFT - CLEAR VIEW MAST & SIDE SHIFT,$11900
4X10 Landscape Trailer,$1663
2000 Fleetwood Bounder,$24995
1978 Sports Coach 31,$7999
2007 Winnebago  View,$48995
